id,tweetText,tweetURL,type,tweetAuthor,replyCount,quoteCount,retweetCount,likeCount,views,bookmarkCount,createdAt,allMediaURL
1737117340456935646,"Delincuentes entraron a un centro comercial de La Aurora, sometieron a los guardias y robaron en dos locales ►https://t.co/bN86xJvzeq https://t.co/mvJCX94yX4",https://twitter.com/eluniversocom/status/1737117340456935646,tweet,El Universo,1,0,0,3,32,0,2023-12-19 09:27:02,https://pbs.twimg.com/media/GBt7BAAaQAAzuG4.png
1737116893209874432,Últimas lluvias mejoran caudales de ríos de Cuenca y alejan racionamientos de agua ►https://t.co/xqb6ZCwDZr https://t.co/5sTDf3Jjce,https://twitter.com/eluniversocom/status/1737116893209874432,tweet,El Universo,1,0,3,8,307,0,2023-12-19 09:25:16,https://pbs.twimg.com/media/GBt6m7xbwAAT6yc.png
1737116224218333602,Tramo de la vía Cuenca-Girón-Pasaje está cerrado al tránsito por deslizamiento  ►https://t.co/DTiTwjNCie https://t.co/nPv3uhGZlg,https://twitter.com/eluniversocom/status/1737116224218333602,tweet,El Universo,1,0,0,0,671,0,2023-12-19 09:22:36,https://pbs.twimg.com/media/GBt6ABebcAApPKT.png
1737114508177674635,Hombre fue asesinado frente a su esposa e hija en Machala ►https://t.co/EUAjcI2Ibr https://t.co/mBgpJ61ybc,https://twitter.com/eluniversocom/status/1737114508177674635,tweet,El Universo,1,1,0,1,1691,0,2023-12-19 09:15:47,https://pbs.twimg.com/media/GBt4cBZaYAAWdyT.png
1737114382449156174,"¿Por qué se llamó Metástasis al caso que investiga a jueces, fiscales y hasta abogados? ►https://t.co/jljigHSOZD https://t.co/RpLGAVrT16",https://twitter.com/eluniversocom/status/1737114382449156174,tweet,El Universo,2,0,0,3,1635,0,2023-12-19 09:15:17,https://pbs.twimg.com/media/GBt4UygakAAKQZz.png
1737113835818152066,"Deslizamiento de tierra obliga al cierre de la vía Culebrillas, en el noroccidente de Quito ►https://t.co/RKwRSPt33h https://t.co/MBUDk92VJ8",https://twitter.com/eluniversocom/status/1737113835818152066,tweet,El Universo,1,0,0,0,1496,0,2023-12-19 09:13:07,https://pbs.twimg.com/media/GBt31A5aMAAdDiZ.png
1737112343270895860,Audiencia por el asesinato de Fernando Villavicencio vuelve a diferirse y queda para febrero de 2024 ►https://t.co/6OehAOG2We https://t.co/hWosBmreUY,https://twitter.com/eluniversocom/status/1737112343270895860,tweet,El Universo,1,0,1,4,2301,0,2023-12-19 09:07:11,https://pbs.twimg.com/media/GBt2eHubIAAspYN.png
1737111867594793014,Qué se celebra el 19 de diciembre ►https://t.co/E9dRiXNeLw https://t.co/o91Ob5sQgC,https://twitter.com/eluniversocom/status/1737111867594793014,tweet,El Universo,1,0,0,1,2233,0,2023-12-19 09:05:17,https://pbs.twimg.com/media/GBt2CZYb0AAaEAG.png
1737110677255524481,En tres ciudades de #Ecuador la canasta básica supera los 800 dólares: ¿cómo está la inflación en cada población? ► https://t.co/6mFyHM2ruO https://t.co/Bh5CNU3lU7,https://twitter.com/eluniversocom/status/1737110677255524481,tweet,El Universo,1,0,0,3,2296,0,2023-12-19 09:00:34,https://pbs.twimg.com/media/GBt09KNWEAA6qnw.jpg
1737107423427801388,"Pronóstico del clima en #Ecuador, #Guayaquil y #Quito para la mañana, tarde y noche de este martes, 19 de diciembre, según el Inamhi ►https://t.co/uYarJytdWN https://t.co/fXwuJGqEYX",https://twitter.com/eluniversocom/status/1737107423427801388,tweet,El Universo,1,0,0,5,2907,0,2023-12-19 08:47:38,https://pbs.twimg.com/media/GBtx_w9bkAAfHt0.png
1737105547751518622,‘Esto significa un gasto mayor’: las piedras de la calle Solano están levantadas formando ‘cráteres’ en la vía https://t.co/8rmOQZu1J3 https://t.co/qcod2IZyD7,https://twitter.com/eluniversocom/status/1737105547751518622,tweet,El Universo,1,0,0,3,3349,0,2023-12-19 08:40:11,https://pbs.twimg.com/media/GBtwSk4XoAMhZu7.jpg
1737102484634784074,#URGENTE | Los apagones de tres horas se suspenden y volverán a una hora y media en la Costa y dos horas en la Sierra ►https://t.co/CskaESh4Tf https://t.co/wyXfa3Dvh3,https://twitter.com/eluniversocom/status/1737102484634784074,tweet,El Universo,5,5,16,28,10104,1,2023-12-19 08:28:00,https://pbs.twimg.com/media/GBttcDfWQAAqhRD.jpg
1737098016220127392,El delito de extorsión creció en un 390 % en Guayaquil y el de asesinato en un 70 % en este 2023  https://t.co/07OetHoE1W https://t.co/Z7Gktjgbjp,https://twitter.com/eluniversocom/status/1737098016220127392,tweet,El Universo,14,10,49,53,10218,3,2023-12-19 08:10:15,https://pbs.twimg.com/media/GBtpcJTWYAAiSFs.jpg
1737095529669001297,"Nelson, de 15 años, cantó y bailó en la fiesta de Navidad de su colegio y horas después se suicidó en su casa: los suicidios encienden las alertas este mes ► https://t.co/LwI0CoXmQO https://t.co/ugLi0UN0qj",https://twitter.com/eluniversocom/status/1737095529669001297,tweet,El Universo,2,0,11,17,10948,0,2023-12-19 08:00:22,https://pbs.twimg.com/media/GBtnLf4XIAAsHBS.jpg
1737089211608527117,"“Creía que era gripe hasta que ya no podía caminar por falta de aire”: vuelven las hospitalizaciones por COVID-19 en Guayaquil, incluso con el uso de  Actemra https://t.co/sDSViaoVWr https://t.co/uvmdalrDbb",https://twitter.com/eluniversocom/status/1737089211608527117,tweet,El Universo,11,4,71,110,26769,5,2023-12-19 07:35:16,https://pbs.twimg.com/media/GBthbn5WMAAYiHk.jpg
1737080431344828581,"Les compartimos la #ColumnaDeBonil de este 19 de diciembre

#Bonil #opinión #caricatura #Ecuador https://t.co/UzDjTFSWe8",https://twitter.com/eluniversocom/status/1737080431344828581,tweet,El Universo,12,1,20,109,8458,0,2023-12-19 07:00:22,https://pbs.twimg.com/media/GBtZchwXYAAGMuf.jpg
1737075360741691732,"‘No conozco a Leandro Norero, nunca he usado armas’, aseguró María Fernanda Vargas, mencionada en chats del ‘Patrón’ ► https://t.co/3fHtLX6rHF https://t.co/WrSTQ8vI6O",https://twitter.com/eluniversocom/status/1737075360741691732,tweet,El Universo,86,16,22,67,39599,3,2023-12-19 06:40:13,https://pbs.twimg.com/media/GBtU1gTXoAAWfWN.jpg
1737070329682432477,Se suspenden cortes de luz en #Ecuador este martes por disposición de Cenace ► https://t.co/Ct96Xvh7jn https://t.co/a2eQ1hCrXG,https://twitter.com/eluniversocom/status/1737070329682432477,tweet,El Universo,6,1,5,30,9455,0,2023-12-19 06:20:14,https://pbs.twimg.com/media/GBtQQq1XAAA72I1.jpg
1737065301232021899,Les compartimos nuestra portada de este martes 19 de diciembre. Las #noticias de #Ecuador y el mundo en https://t.co/6TIoigGXFC https://t.co/T5Ha0fHT4Q,https://twitter.com/eluniversocom/status/1737065301232021899,tweet,El Universo,6,0,18,32,7736,0,2023-12-19 06:00:15,https://pbs.twimg.com/media/GBtLr7MWYAAAujJ.jpg
1736974697969930750,En chats de Leandro Norero se menciona una reunión en México con ‘RC’ ► https://t.co/MlCBY4N14Y https://t.co/27C940YMD3,https://twitter.com/eluniversocom/status/1736974697969930750,tweet,El Universo,12,0,62,111,15279,2,2023-12-19 00:00:14,https://pbs.twimg.com/media/GBr5SKTW4AAcxX0.jpg
1736969653363126418,"Martin Garrix en #Ecuador, estos son los precios del concierto de música electrónica que ofrecerá ► https://t.co/Akg0EYoFR4 https://t.co/2L1NXTViUQ",https://twitter.com/eluniversocom/status/1736969653363126418,tweet,El Universo,0,1,6,21,8182,0,2023-12-18 23:40:11,https://pbs.twimg.com/media/GBr0siSWoAAgAJD.jpg
1736967762822504584,Juicios políticos contra Esteban Bernal y vocales de la Judicatura tienen nuevos proponentes ► https://t.co/LyOJUv0MGb https://t.co/oHwBSUQqLA,https://twitter.com/eluniversocom/status/1736967762822504584,tweet,El Universo,0,0,5,17,7707,0,2023-12-18 23:32:40,https://pbs.twimg.com/media/GBry-dtWMAA0NB6.jpg
1736964621557191162,Conozca dónde se publican las vacantes en el aeropuerto de Guayaquil y evite caer en estafas para conseguir empleo ► https://t.co/YZYlT41G4e https://t.co/hlsQd7D90V,https://twitter.com/eluniversocom/status/1736964621557191162,tweet,El Universo,1,0,7,30,13840,8,2023-12-18 23:20:11,https://pbs.twimg.com/media/GBrwHlwXcAAETmR.jpg
1736958856993931598,"Leonel Montoya y Edgardo Bauza, los DT de Liga de Quito con más títulos del campeonato nacional►https://t.co/OrU1JweV57 https://t.co/0fgQkQuZhJ",https://twitter.com/eluniversocom/status/1736958856993931598,retweet,El Universo,0,0,6,0,6,0,2023-12-18 22:57:17,
1736954557110817258,Google habilita en Workspace la firma electrónica en Drive y Docs ► https://t.co/kfwk2BiEDn https://t.co/SWs4QxnszG,https://twitter.com/eluniversocom/status/1736954557110817258,tweet,El Universo,0,0,9,36,11109,0,2023-12-18 22:40:12,https://pbs.twimg.com/media/GBrm90SX0AAbJwQ.jpg
1736951621861433404,#Guayaquil: cuatro carriles de la avenida de Las Américas tendrán cierres parciales desde este miércoles ► https://t.co/JR0TbV5CgK https://t.co/BBacSbt0XL,https://twitter.com/eluniversocom/status/1736951621861433404,retweet,El Universo,0,0,7,0,9,0,2023-12-18 22:28:32,
1736949521131720815,‘Hay una pose de lo que significa ser inteligente que ha alejado a buena parte de los lectores’: Mario Mendoza hace un homenaje a los libros en ‘Leer es resistir’ https://t.co/MCUyQnYBAW https://t.co/mxWWJSvhbP,https://twitter.com/eluniversocom/status/1736949521131720815,tweet,El Universo,0,0,1,12,8301,0,2023-12-18 22:20:11,https://pbs.twimg.com/media/GBriYqBXMAAFpjD.jpg
1736947006361186571,"En Tulcán, fuerte lluvia derrumba muro y deja una persona fallecida ► https://t.co/5Ka621RtcV https://t.co/xuq9HwCtxu",https://twitter.com/eluniversocom/status/1736947006361186571,tweet,El Universo,0,0,3,19,8048,0,2023-12-18 22:10:11,https://pbs.twimg.com/media/GBrgGQpXUAAj2Jy.jpg
1736945745155027333,Fiscalía habilita página web para visualizar la información relacionada con el caso Metástasis ► https://t.co/DQeh3YQdmp https://t.co/rMyz1jLai6,https://twitter.com/eluniversocom/status/1736945745155027333,tweet,El Universo,1,1,20,67,10947,1,2023-12-18 22:05:11,https://pbs.twimg.com/media/GBre83jWMAAzrar.jpg
1736944494266794169,Hospital Pablo Arturo Suárez en #Quito repotenció su servicio de hospitalización pediátrica ► https://t.co/c31n4KYRRp https://t.co/EB6N1mSRWx,https://twitter.com/eluniversocom/status/1736944494266794169,tweet,El Universo,0,0,1,16,7673,1,2023-12-18 22:00:12,https://pbs.twimg.com/media/GBrd0DgXMAANPjZ.jpg
1736943065552535749,Supuesto implicado en asalto a pareja fue abatido por policías en el suburbio de #Guayaquil ► https://t.co/WXHBDCsJ4t https://t.co/VzZpqjuTmv,https://twitter.com/eluniversocom/status/1736943065552535749,tweet,El Universo,3,0,0,28,8418,1,2023-12-18 21:54:32,https://pbs.twimg.com/media/GBrcg5CXwAA7xmA.jpg
1736941971380322406,Ministerio de Salud Pública abastece con el medicamento antiviral para eliminar la hepatitis C ► https://t.co/nmWVwuB5RW https://t.co/ZVp9kPShb6,https://twitter.com/eluniversocom/status/1736941971380322406,tweet,El Universo,1,0,1,16,7742,0,2023-12-18 21:50:11,https://pbs.twimg.com/media/GBrbhOmWYAAimJ5.jpg
1736939462565785660,Abogada fue asesinada dentro de su oficina particular en Santo Domingo ► https://t.co/qQFU5uVue8 https://t.co/ge94996IEw,https://twitter.com/eluniversocom/status/1736939462565785660,tweet,El Universo,3,3,11,28,25917,0,2023-12-18 21:40:13,https://pbs.twimg.com/media/GBrZPMmWcAAfnHn.jpg
1736936938727219335,Tarifa eléctrica especial para la industria se revisará en mesas técnicas antes que en enero entre en vigencia nuevo tarifario ► https://t.co/CVf5DnkM8k https://t.co/WZihxd48kd,https://twitter.com/eluniversocom/status/1736936938727219335,tweet,El Universo,0,0,0,11,7704,0,2023-12-18 21:30:11,https://pbs.twimg.com/media/GBrW8RJXAAAKGZi.jpg
1736934421284921771,Así funcionaría tercera placa en #Quito para gestionar el tránsito vehicular ► https://t.co/f4EobMlgHK https://t.co/qCJqdeS9E8,https://twitter.com/eluniversocom/status/1736934421284921771,tweet,El Universo,0,0,0,7,11137,0,2023-12-18 21:20:11,https://pbs.twimg.com/media/GBrUpv2WoAAxv78.jpg
1736933544461492325,Alcaldesa del cantón Simón Bolívar afirmó que colaboraría con Fiscalía ► https://t.co/bGLWK49YGG https://t.co/UwFjc8ZV9U,https://twitter.com/eluniversocom/status/1736933544461492325,tweet,El Universo,147,33,44,262,91465,4,2023-12-18 21:16:42,https://pbs.twimg.com/media/GBrT2oDXgAAsYax.jpg
1736931908922011888,Aprovecha esta selección de imágenes de #Navidad creadas con inteligencia artificial para compartir en WhatsApp https://t.co/wc8SmD5CUv https://t.co/I9qyxvPTuW,https://twitter.com/eluniversocom/status/1736931908922011888,tweet,El Universo,0,0,1,7,8272,1,2023-12-18 21:10:12,https://pbs.twimg.com/media/GBrSXhKXYAA3loK.jpg
1736930859125465506,"‘No conozco a Leandro Norero, nunca he usado armas’, aseguró María Fernanda Vargas, mencionada en chats del ‘Patrón’ ► https://t.co/93UJslCgV1 https://t.co/gMpJBYutuu",https://twitter.com/eluniversocom/status/1736930859125465506,tweet,El Universo,371,102,139,622,182151,23,2023-12-18 21:06:02,https://pbs.twimg.com/media/GBrRaY_XYAAvr4Z.jpg
1736929403546775612,"Quiénes fueron Tránsito Amaguaña y Osvaldo Guayasamín, rostros que estarán en las nuevas monedas fraccionarias que circularán en #Ecuador ► https://t.co/iof7MO32ch https://t.co/YL3QeTkJFY",https://twitter.com/eluniversocom/status/1736929403546775612,tweet,El Universo,0,0,2,19,7680,1,2023-12-18 21:00:15,https://pbs.twimg.com/media/GBrQFqJXoAAX2ql.jpg
1736926602544443784,Lo que debe saber del caso Villavicencio: este martes se realizará la audiencia preparatoria y de evaluación de juicio contra los presuntos autores materiales del crimen ► https://t.co/8XbkzVwGHC https://t.co/Py5Dn8Fywh,https://twitter.com/eluniversocom/status/1736926602544443784,tweet,El Universo,3,0,13,46,9174,0,2023-12-18 20:49:07,https://pbs.twimg.com/media/GBrNipCW0AAqUhg.jpg
1736924357044154427,Conozca dónde se publican las vacantes en el aeropuerto de #Guayaquil y evite caer en estafas para conseguir empleo ► https://t.co/84pm7HipZb https://t.co/7xWUusoHS1,https://twitter.com/eluniversocom/status/1736924357044154427,tweet,El Universo,1,0,9,23,10003,1,2023-12-18 20:40:11,https://pbs.twimg.com/media/GBrLf7qXQAAsIcq.jpg
1736921840918905122,Acuerdo comercial de #Ecuador y #China ya empezó su trámite en la Comisión de Relaciones Internacionales ► https://t.co/6hSSNtySXZ https://t.co/jo2aD0MBzi,https://twitter.com/eluniversocom/status/1736921840918905122,tweet,El Universo,2,0,4,34,9529,0,2023-12-18 20:30:11,https://pbs.twimg.com/media/GBrJNdbWwAAT9Lb.jpg
1736919321551450481,Qué pasos seguir para sacar o renovar el pasaporte en #Ecuador https://t.co/VeLYaY08VL https://t.co/lQhW4E2x12,https://twitter.com/eluniversocom/status/1736919321551450481,tweet,El Universo,2,0,6,17,12349,1,2023-12-18 20:20:11,https://pbs.twimg.com/media/GBrG60mWYAA2Vja.jpg
1736917245190676678,"Liga de Quito, arriba de Barcelona SC y Emelec: es el club con más títulos en Ecuador. Estos son todos sus campeonatos► https://t.co/bnjCUq8pNR https://t.co/vbH1Hap8qP",https://twitter.com/eluniversocom/status/1736917245190676678,retweet,El Universo,0,0,5,0,8,0,2023-12-18 20:11:56,
1736914339959906671,"La ciencia del terror  | ¿Por qué nos asustan tanto las películas de terror? La ciencia te da la respuesta. 
Video: DW Cortesía https://t.co/XaxEQc4oew",https://twitter.com/eluniversocom/status/1736914339959906671,tweet,El Universo,1,0,4,11,8080,0,2023-12-18 20:00:23,https://pbs.twimg.com/ext_tw_video_thumb/1736913046050594816/pu/img/dUJavMgDU6LzXLq2.jpg
1736911770738974929,"La variante pirola es bastante contagiosa y los síntomas se presentan en promedio a las 24 horas

En #Quito, los contagios han ido descendiendo, así como la positividad, según la Zona 9 del Ministerio de Salud Pública. https://t.co/bqM8FDsoPI https://t.co/dNrbHXhNgd",https://twitter.com/eluniversocom/status/1736911770738974929,tweet,El Universo,0,1,7,13,9192,0,2023-12-18 19:50:11,https://pbs.twimg.com/media/GBrADUpXoAALZ_s.jpg
1736909254433337625,Aspirantes a policías empiezan curso de investigación en seis localidades de #Ecuador ► https://t.co/4tZ3MWxLRq https://t.co/xkOhmn6wvI,https://twitter.com/eluniversocom/status/1736909254433337625,tweet,El Universo,1,0,0,11,6189,0,2023-12-18 19:40:11,https://pbs.twimg.com/media/GBq9w2NWsAAfFy1.jpg
1736904223449641230,"La resolución planteada por el movimiento Construye obtuvo 74 votos a favor, 46 votos en contra y seis abstenciones ► https://t.co/Ksd5kKaC5D https://t.co/V1CeYwBUoJ",https://twitter.com/eluniversocom/status/1736904223449641230,tweet,El Universo,18,3,27,89,19297,0,2023-12-18 19:20:11,https://pbs.twimg.com/media/GBq5L7WWAAExoBM.jpg
1736901705516605806,Se presenta pedido de ‘habeas corpus’ a favor de un juez procesado por el caso Metástasis ► https://t.co/fvBf4SrRjY https://t.co/sFEc2w652d,https://twitter.com/eluniversocom/status/1736901705516605806,tweet,El Universo,0,1,3,5,7279,0,2023-12-18 19:10:11,https://pbs.twimg.com/media/GBq25cEXoAE5X3c.jpg
1736899202838405584,España: Seis personas acusadas por el incendio en una discoteca latina en #Murcia donde murieron cinco ecuatorianos ► https://t.co/SgBZLRC8Mg https://t.co/V8gh63rjkQ,https://twitter.com/eluniversocom/status/1736899202838405584,tweet,El Universo,0,0,6,13,7031,0,2023-12-18 19:00:14,https://pbs.twimg.com/media/GBq0nulXgAAJG9L.jpg
1736897937777508845,"Según Fiscalía, en uno de los mensajes, alias El Patrón dice que la alcaldesa de Simón Bolívar (Guayas), María Fernanda Vargas, le ayudaba a mover armas ► https://t.co/VVFbN95dyP https://t.co/hXYXrO5IgD",https://twitter.com/eluniversocom/status/1736897937777508845,tweet,El Universo,27,5,247,452,47582,5,2023-12-18 18:55:13,https://pbs.twimg.com/media/GBqzeDJX0AAxy5H.jpg
1736896671387136083,"Ministerio de Economía calcula que cierre del ITT costaría al país $ 500 millones en 2024, mientras busca compensación ambiental ► https://t.co/7eT8IpBYt7 https://t.co/yvTRQ2R8LI",https://twitter.com/eluniversocom/status/1736896671387136083,tweet,El Universo,4,1,2,12,7895,1,2023-12-18 18:50:11,https://pbs.twimg.com/media/GBqyUZQXQAAL74O.jpg
1736894156646072830,Fuerte lluvia inundó sectores de Tulcán: los estragos invernales afectan a varias localidades de #Ecuador ► https://t.co/5C1zEdzfdQ https://t.co/MIkFJcmgEa,https://twitter.com/eluniversocom/status/1736894156646072830,tweet,El Universo,0,0,9,19,6750,0,2023-12-18 18:40:11,https://pbs.twimg.com/media/GBqwCBNWUAAMVke.jpg
1736891642777362500,Sitio web de la Fiscalía con los chats del caso Metástasis presentó problemas técnicos ► https://t.co/pOZvnyg0Eh https://t.co/jAH8uFWV8Q,https://twitter.com/eluniversocom/status/1736891642777362500,tweet,El Universo,2,1,6,18,12047,0,2023-12-18 18:30:12,https://pbs.twimg.com/media/GBqtvtkW8AAJZZ2.jpg
1736889157979410533,Francisco Egas: Ecuafútbol analizará el expediente y decidirá sobre tema dirigencial de El Nacional ► https://t.co/6oeIWgoUbB https://t.co/phg4GyIYFS,https://twitter.com/eluniversocom/status/1736889157979410533,retweet,El Universo,0,0,3,0,6,0,2023-12-18 18:20:19,
1736889127054758244,Asamblea Nacional aprueba resolución que respalda a la fiscal Diana Salazar por el caso Metástasis ► https://t.co/UJuAXgx4d9 https://t.co/w4VCAfFnZr,https://twitter.com/eluniversocom/status/1736889127054758244,tweet,El Universo,27,11,128,680,33280,2,2023-12-18 18:20:12,https://pbs.twimg.com/media/GBqrdRrWgAAT051.jpg
1736887870122492159,"Libros para regalar en esta Navidad: desde Miguel Molina, Natalia García Freire hasta Ernesto Carrión
https://t.co/pR6Rc4p14R https://t.co/ub5oYUUsPn",https://twitter.com/eluniversocom/status/1736887870122492159,tweet,El Universo,0,1,8,10,6528,0,2023-12-18 18:15:12,https://pbs.twimg.com/media/GBqqUHfXUAAmJJN.jpg
1736885350138527898,Les compartimos nuestro Editorial: Los chats públicos del caso Metástasis ► https://t.co/JAXZvZYmAg https://t.co/MKlpWcKmvY,https://twitter.com/eluniversocom/status/1736885350138527898,tweet,El Universo,0,0,11,19,8080,0,2023-12-18 18:05:11,https://pbs.twimg.com/media/GBqoBaxWoAA3_1D.jpg
1736884098172375371,Más de 40 secretarías se habrían creado por decreto presidencial y ahora están en la mira del Gobierno como parte del recorte de $ 1.000 millones para 2024 ► https://t.co/9hCAzrxZcv https://t.co/WZGMBYK1Gw,https://twitter.com/eluniversocom/status/1736884098172375371,tweet,El Universo,19,9,113,402,23877,6,2023-12-18 18:00:13,https://pbs.twimg.com/media/GBqm4jUXMAAaXuE.jpg
1736882354159829087,En chats de Leandro Norero se menciona una reunión en México con ‘RC’ ► https://t.co/ax4X34vU8Q https://t.co/LSK4VFjiiJ,https://twitter.com/eluniversocom/status/1736882354159829087,tweet,El Universo,40,11,195,359,42236,4,2023-12-18 17:53:17,https://pbs.twimg.com/media/GBqlTB9X0AACKzD.jpg
1736880314088116464,"Estas son las nuevas monedas fraccionarias que pone en circulación el Banco Central del Ecuador
https://t.co/77GefRY3LX https://t.co/MHe9MLxXPZ",https://twitter.com/eluniversocom/status/1736880314088116464,tweet,El Universo,2,2,3,20,9589,0,2023-12-18 17:45:11,https://pbs.twimg.com/media/GBqjcTLXwAE_LC-.jpg
1736879900001177735,.@AsambleaEcuador aprueba una resolución de respaldo a la Fiscal General del Estado @DianaSalazarM2 por la investigación realizada en el caso #Metástasis. @eluniversocom https://t.co/XqDI2yp8QU,https://twitter.com/eluniversocom/status/1736879900001177735,retweet,El Universo,0,0,57,0,40,0,2023-12-18 17:43:32,
1736874170707783939,https://t.co/zVX9mxF4It,https://twitter.com/eluniversocom/status/1736874170707783939,tweet,El Universo,0,0,0,4,5206,0,2023-12-18 17:20:46,"https://pbs.twimg.com/media/GBqdz32WwAAi_1k.jpg,https://pbs.twimg.com/media/GBqd1PfXcAA95Gt.jpg,https://pbs.twimg.com/media/GBqd2AHXsAAP_jB.jpg"
1736874047923802545,#MunicipioGuayaquil | El rubro de obra pública concentra el 85 % del total del presupuesto establecido para el siguiente año. https://t.co/EVWUIojeNN https://t.co/iLLGiuJUe6,https://twitter.com/eluniversocom/status/1736874047923802545,tweet,El Universo,1,0,0,1,6405,0,2023-12-18 17:20:17,"https://pbs.twimg.com/media/GBqdYwWW0AAAh2F.jpg,https://pbs.twimg.com/media/GBqdbngWQAEh7Y2.jpg,https://pbs.twimg.com/media/GBqddy_XEAAmOso.jpg,https://pbs.twimg.com/media/GBqdfX1XgAA5YUJ.jpg"
1736872766287012261,#CasoMetástasis | Integrado Tribunal de la Corte Nacional que conocerá habeas corpus presentado por Wilman Terán https://t.co/z4TgESQZev https://t.co/tmuWZ4Dxf3,https://twitter.com/eluniversocom/status/1736872766287012261,tweet,El Universo,4,0,5,9,10714,0,2023-12-18 17:15:11,https://pbs.twimg.com/media/GBqck6cWUAAMf9x.jpg
1736871508780224892,#CasoMetástasis | La fiscal Diana Salazar no descarta que haya más ‘casos Metástasis’ https://t.co/OC4sMHyViL https://t.co/6jKw5bl411,https://twitter.com/eluniversocom/status/1736871508780224892,tweet,El Universo,6,1,22,85,8679,0,2023-12-18 17:10:11,https://pbs.twimg.com/media/GBqbbuqWUAAgFPr.jpg
1736869030705709263,#Apagones | Importación de Colombia “será más barata porque nos venderán electricidad generada con gas natural” https://t.co/IiQii14Yju https://t.co/zI3THvmCxF,https://twitter.com/eluniversocom/status/1736869030705709263,tweet,El Universo,1,2,4,14,6169,0,2023-12-18 17:00:21,https://pbs.twimg.com/media/GBqZLfJWYAAIz1d.png
1736868368097960175,"Botellas de licor, cigarrillos, celulares, aparatos electrónicos, prendas de vestir, calzados, perfumes, están entre los otros artículos incautados. https://t.co/I2sFKLUCJe https://t.co/AUJ5k2ZmhI",https://twitter.com/eluniversocom/status/1736868368097960175,tweet,El Universo,2,0,5,14,7428,0,2023-12-18 16:57:43,https://pbs.twimg.com/media/GBqYk6wXoAAl2FQ.jpg
1736866484167545036,#Inseguridad | Sujetos balearon al conductor de un taxi en el sur de Quito https://t.co/eI1AXwsM4N https://t.co/RKIzlXGDmX,https://twitter.com/eluniversocom/status/1736866484167545036,tweet,El Universo,1,0,1,3,6578,0,2023-12-18 16:50:13,https://pbs.twimg.com/media/GBqW3S_WwAA8EaD.jpg
1736865227889586229,"#SantaElena | Dos detenidos por incidentes durante elección del cabildo comunal de Olón, en Santa Elena https://t.co/xrXca2eRH4 https://t.co/CEKpdW9Rj5",https://twitter.com/eluniversocom/status/1736865227889586229,tweet,El Universo,2,0,2,22,7226,0,2023-12-18 16:45:14,https://pbs.twimg.com/media/GBqVuF5XIAA9syl.jpg
1736863955748823303,#Judicatura | Suspendido concurso de elección de jueces hasta que el Consejo de la Judicatura resuelva reclamos https://t.co/0OhpP5f0jd https://t.co/8HkaKakWf4,https://twitter.com/eluniversocom/status/1736863955748823303,tweet,El Universo,0,0,17,81,7874,0,2023-12-18 16:40:11,https://pbs.twimg.com/media/GBqUkHMWAAAP0wm.jpg
1736862702062989534,#Manabí | Manta se quedó sin recolección de basura por atraso en sueldos a trabajadores https://t.co/23zVbo9Uhp https://t.co/2D0AnEw2cc,https://twitter.com/eluniversocom/status/1736862702062989534,tweet,El Universo,2,0,3,12,6161,0,2023-12-18 16:35:12,https://pbs.twimg.com/media/GBqTbIQWkAAI_Am.jpg
1736861445550227785,#Quito | Así fue el presunto intento de secuestro de tres jóvenes luego de un concierto en Quito https://t.co/toPrKRvJW4 https://t.co/UAbP4J3ZM8,https://twitter.com/eluniversocom/status/1736861445550227785,tweet,El Universo,0,0,1,5,11962,0,2023-12-18 16:30:12,https://pbs.twimg.com/media/GBqSR-eWUAAjP8z.jpg
1736857683322339555,#Empleo | Habría los votos en la Asamblea Nacional para aprobar la ley urgente de eficiencia económica y generación de empleo https://t.co/4L8UC6jE0k https://t.co/7DQzXQsR5a,https://twitter.com/eluniversocom/status/1736857683322339555,tweet,El Universo,4,1,6,20,9031,0,2023-12-18 16:15:15,https://pbs.twimg.com/media/GBqO2_HXgAAaSKm.jpg
1736855160087835055,"Botellas de licor, cigarrillos, celulares, aparatos electrónicos, prendas de vestir, calzados, perfumes, están entre los otros artículos incautados por no tener sustento documental https://t.co/GhDPVIgIGS https://t.co/9BGZ8T66fW",https://twitter.com/eluniversocom/status/1736855160087835055,tweet,El Universo,1,0,2,14,7800,0,2023-12-18 16:05:14,https://pbs.twimg.com/media/GBqMkDFWMAAOdlt.jpg
1736854155937906727,"#Apagones | Esto se debe a las lluvias generadas el último fin de semana, en la zona alta del Azuay, lo que permitió un aumento significativo en los caudales de los embalses de las centrales Paute Molino y Mazar. https://t.co/wgZb7JpCu4 https://t.co/WscN2AI3iV",https://twitter.com/eluniversocom/status/1736854155937906727,tweet,El Universo,27,20,240,701,80149,12,2023-12-18 16:01:14,https://pbs.twimg.com/media/GBqLplSXkAAd8c0.jpg
1736853904501957113,Demanda de energía aumentó este mes pese a apagones ► https://t.co/fqNr5dwG5x https://t.co/9eCuchL5TL,https://twitter.com/eluniversocom/status/1736853904501957113,tweet,El Universo,0,0,3,4,5641,0,2023-12-18 16:00:14,https://pbs.twimg.com/media/GBqLbDJXkAAcN_S.jpg
1736848872264134724,Presunto caso de femicidio se investiga en la parroquia Huachi Grande ► https://t.co/oe2QGYrrD0 https://t.co/o1txOj6ffo,https://twitter.com/eluniversocom/status/1736848872264134724,tweet,El Universo,0,0,1,5,6628,0,2023-12-18 15:40:14,https://pbs.twimg.com/media/GBqG2IVWgAA1vhj.jpg
1736843834917634541,Rehabilitan la circulación por el sector del río Marker ► https://t.co/tGVnLGNpNW https://t.co/4Ye8lpoxeu,https://twitter.com/eluniversocom/status/1736843834917634541,tweet,El Universo,0,1,3,10,7499,0,2023-12-18 15:20:13,https://pbs.twimg.com/media/GBqCQ5cWQAAiiDW.jpg
1736842682184483092,"Reductores de velocidad, alcantarillado y adoquinado, entre las obras pendientes del Municipio de #Quito en la avenida De Los Conquistadores ► https://t.co/6HSQdm9NTe https://t.co/AexSeQAJPJ",https://twitter.com/eluniversocom/status/1736842682184483092,retweet,El Universo,0,0,2,0,70,0,2023-12-18 15:15:39,
1736841244653883675,"#Apagones | La Eléctrica de Quito, Cenace, dio a conocer la suspensión de la medida. https://t.co/1JA4uaqKlD https://t.co/YZfxFbYePm",https://twitter.com/eluniversocom/status/1736841244653883675,tweet,El Universo,1,3,4,29,22390,2,2023-12-18 15:09:56,https://pbs.twimg.com/media/GBp_6GpWEAAhA_t.jpg
1736840064448004308,Chelsea y Stamford Bridge esperan a Kendry Páez ‘este martes’ ► https://t.co/ebpPr5oFWX https://t.co/p36w4SlMOF,https://twitter.com/eluniversocom/status/1736840064448004308,retweet,El Universo,0,0,4,0,60,0,2023-12-18 15:05:14,https://pbs.twimg.com/media/GBp2z-nXQAAyRI4.jpg
1736838736493584709,Se suspenden cortes de luz en #Quito este lunes 18 y martes 19 de diciembre por disposición de Cenace ► https://t.co/rjjagCvRDH https://t.co/W4DbS9ACUA,https://twitter.com/eluniversocom/status/1736838736493584709,tweet,El Universo,1,1,1,11,6963,0,2023-12-18 14:59:58,https://pbs.twimg.com/media/GBp9oH6XcAEfj4R.jpg
1736835081803563103,"Para la fiscal Diana Salazar, el #CasoMetástasis revelaría cómo el sistema judicial está “gangrenado de tal manera que es imposible regenerarlo si no hay una depuración profunda de todas las estructuras corrompidas”. ►https://t.co/0OmFX2j2BF https://t.co/n1ENyKM6eo",https://twitter.com/eluniversocom/status/1736835081803563103,tweet,El Universo,49,11,333,615,29972,5,2023-12-18 14:45:26,"https://pbs.twimg.com/media/GBp6OBVWwAQfbSe.jpg,https://pbs.twimg.com/media/GBp6PTpXkAA3_WJ.jpg,https://pbs.twimg.com/media/GBp6QplWcAASa8F.jpg"
1736831190491967553,"La variante pirola, de covid, es bastante contagiosa y los síntomas se presentan en promedio a las 24 horas ► https://t.co/YRdHzPAfq8 https://t.co/xjgxuJtoqh",https://twitter.com/eluniversocom/status/1736831190491967553,tweet,El Universo,1,0,9,16,8080,1,2023-12-18 14:29:59,https://pbs.twimg.com/media/GBp2w7lW0AA3Sj1.jpg
1736828723817566525,Wilman Terán presenta habeas corpus en la Corte Nacional y a la Judicatura pide vacaciones ► https://t.co/oViXkiVLuU https://t.co/hHkzGeOEkb,https://twitter.com/eluniversocom/status/1736828723817566525,tweet,El Universo,11,1,10,40,33070,0,2023-12-18 14:20:11,https://pbs.twimg.com/media/GBp0hU0XMAA_QdC.jpg
1736828197709165025,"#URGENTE | El presidente del Consejo de la Judidiatrura, Wilmán Terán, es una de los 16 procesados por delincuencia organizada que tiene orden de prisión preventiva por el #CasoMetástasis. ►https://t.co/k0ciqyQgr3 https://t.co/RarCjepkc3",https://twitter.com/eluniversocom/status/1736828197709165025,tweet,El Universo,13,0,12,32,17889,0,2023-12-18 14:18:05,https://pbs.twimg.com/media/GBp0CnTW8AA8B5A.jpg
1736826217012035902,Daniel Noboa promete a las Fuerzas Armadas que ‘no pactará con ningún delincuente’ ► https://t.co/JnPaS5FZAa https://t.co/jcAKGUCJTs,https://twitter.com/eluniversocom/status/1736826217012035902,tweet,El Universo,77,15,119,683,32272,1,2023-12-18 14:10:13,https://pbs.twimg.com/media/GBpyPb4WIAA4neZ.jpg
1736823730725151114,"Casi al cerrar 2023, 66 % de las exportaciones no petroleras y no mineras se concentran en China, la Unión Europea y Estados Unidos ► https://t.co/5aelgVXAAd https://t.co/oirqo2v9Jd",https://twitter.com/eluniversocom/status/1736823730725151114,tweet,El Universo,0,0,0,10,6600,0,2023-12-18 14:00:20,https://pbs.twimg.com/media/GBpv-taWAAAJvNE.jpg
1736821175219564897,El exvicepresidente Jorge Glas cumplía una pena unificada de ocho años en ‘libertad provisional’: ¿puede pedir asilo al Gobierno de México? ► https://t.co/3XAaoShBB5 https://t.co/CzOYbZuSxv,https://twitter.com/eluniversocom/status/1736821175219564897,tweet,El Universo,12,1,15,36,13832,0,2023-12-18 13:50:11,https://pbs.twimg.com/media/GBptp9BWsAAElxr.jpg
1736818660159750571,Prelibertad de Jorge Glas en manos de una jueza penitenciaria de #Quito; este martes se realizará la audiencia ► https://t.co/7xdyGFKqSB https://t.co/ruqBGMRrFe,https://twitter.com/eluniversocom/status/1736818660159750571,tweet,El Universo,8,1,22,21,11773,0,2023-12-18 13:40:11,https://pbs.twimg.com/media/GBprXkqXUAAKQMr.jpg
1736815448723755266,"Otro derechazo de ​Esteban Paz a Carlos Alfaro Moreno: Para unos era más importante romper un invicto; para nosotros, ganar cosas y levantar copas ► https://t.co/3ULUsfllnO https://t.co/vJ4LlkhF8c",https://twitter.com/eluniversocom/status/1736815448723755266,retweet,El Universo,0,0,12,0,10,0,2023-12-18 13:27:26,
1736814581924737311,".@CHONILLOec alcalde de #Duran habla de la falta de recursos por parte del Estado, son $8 millones que adeudan al cantón. En seguridad dice que con el presidente @DanielNoboaOk acordó acciones articuladas para recuperar espacios y que necesita recursos. @eluniversocom https://t.co/vEYF6OSm6V",https://twitter.com/eluniversocom/status/1736814581924737311,retweet,El Universo,0,0,11,0,11,0,2023-12-18 13:23:59,
1736814402844729609,.@LeoBerrezueta anuncia que la bancada @RC5Oficial apoyará la aprobación del proyecto urgente de eficiencia económica y generación de empleo porque en el texto se acogieron las observaciones formuladas por el bloque . @eluniversocom https://t.co/IBI6A2HzGC,https://twitter.com/eluniversocom/status/1736814402844729609,retweet,El Universo,0,0,9,0,9,0,2023-12-18 13:23:16,
1736812383429890327,"Conozca los 10 cantones ecuatorianos con mayor índice de crímenes en 2023
https://t.co/BAzYmsPdRd https://t.co/iVLFDgtI5M",https://twitter.com/eluniversocom/status/1736812383429890327,tweet,El Universo,0,0,2,7,6143,0,2023-12-18 13:15:15,https://pbs.twimg.com/media/GBplqOIWEAAHAKX.jpg
1736808651472412726,"‘El riesgo de reinfectarse de COVID-19 es alto, es muy contagioso’: MSP da recomendaciones ante circulación de nueva variante pirola https://t.co/8k01icHHkl",https://twitter.com/eluniversocom/status/1736808651472412726,tweet,El Universo,6,0,5,17,16783,2,2023-12-18 13:00:25,
1736808553233383525,#AsíSeHaceEnEcuador | Mañana sabrás cómo se hornea uno de los panes más ricos en Ecuador. No te pierdas su estreno mañana con Belén Zapata. https://t.co/JWTuLlAePY,https://twitter.com/eluniversocom/status/1736808553233383525,tweet,El Universo,0,0,2,11,6375,0,2023-12-18 13:00:02,https://pbs.twimg.com/ext_tw_video_thumb/1736789762919235584/pu/img/DIToqAsNTu-oA6o9.jpg
1736807327452332290,"Tres personas afectadas por choque múltiple en la av. Pérez Bustamante, en el sur de Quito
https://t.co/yut7NqxQLI",https://twitter.com/eluniversocom/status/1736807327452332290,tweet,El Universo,1,0,1,6,5277,0,2023-12-18 12:55:09,
1736804821070434670,#Entretenimiento | El DJ neerlandés se prepara para visitar el país por primera vez. Conozca todos los detalles de su presentación. https://t.co/E72zxw4RUb https://t.co/7maMCRgGG5,https://twitter.com/eluniversocom/status/1736804821070434670,tweet,El Universo,4,7,51,273,54433,7,2023-12-18 12:45:12,https://pbs.twimg.com/media/GBpex73XwAEpPRt.jpg
1736802300016861199,"#Informes | La misión de los murciélagos es primordial para el ecosistema, pero 19 especies de estos mamíferos voladores están en peligro de extinción en #Ecuador https://t.co/v30UiQqFWz https://t.co/yR9wc7F60n",https://twitter.com/eluniversocom/status/1736802300016861199,tweet,El Universo,1,0,9,13,9302,2,2023-12-18 12:35:11,https://pbs.twimg.com/media/GBpcfQDWcAA757_.jpg
1736799786051748277,Vehículos que no realicen la revisión técnica y matriculación hasta diciembre no podrán circular hasta la tercera semana de enero en #Guayaquil https://t.co/NxmAcVgBeE https://t.co/SHhT9KlFqX,https://twitter.com/eluniversocom/status/1736799786051748277,tweet,El Universo,6,2,0,12,20880,0,2023-12-18 12:25:11,https://pbs.twimg.com/media/GBpaM8nXEAAa6XT.jpg
1736797270417277018,¿Cómo podemos proteger a los animales en el hogar de la decoración navideña? https://t.co/3XD3loJqrg https://t.co/tEE7aFIY89,https://twitter.com/eluniversocom/status/1736797270417277018,tweet,El Universo,0,0,0,9,5784,0,2023-12-18 12:15:12,https://pbs.twimg.com/media/GBpX6dTXAAESIYA.jpg
1736795476878336307,"Cortes de luz aumentarán hasta una hora en varias zonas de #Guayaquil este martes, 19 de diciembre https://t.co/j9vGL43ZJk https://t.co/LQUQV5qPRG",https://twitter.com/eluniversocom/status/1736795476878336307,tweet,El Universo,1,1,2,6,12185,0,2023-12-18 12:08:04,https://pbs.twimg.com/media/GBpWSHmXgAEoP3N.jpg
1736795098585653364,"Estas son las nuevas monedas fraccionarias que pone en circulación el Banco Central del Ecuador. Tienen la imagen de Matilde Hidalgo de Procel, Tránsito Amaguaña, Alberto Spencer y otros personajes históricos  ►https://t.co/ADEOh9OjNb https://t.co/xVzEPvuszT",https://twitter.com/eluniversocom/status/1736795098585653364,tweet,El Universo,7,7,7,24,31576,0,2023-12-18 12:06:34,"https://pbs.twimg.com/media/GBpVztbWwAAVOvy.jpg,https://pbs.twimg.com/media/GBpV4YVXwAAkkCz.jpg,https://pbs.twimg.com/media/GBpV5gyXsAEXQz1.jpg"
1736792717319946432,"#Asalto | Motorizados los apuntaron, los pusieron de rodillas y robaron sus pertenencias. https://t.co/YpLlf4rK7f https://t.co/AjgebjPdDv",https://twitter.com/eluniversocom/status/1736792717319946432,tweet,El Universo,1,3,6,14,11905,0,2023-12-18 11:57:06,https://pbs.twimg.com/media/GBpTxXmXEAAwp2u.jpg
1736790442262360077,.@LeonardoOrland0 prefecto de #Manabi señala que esperan resultados de un diálogo directo con el presidente @DanielNoboaOk respecto a pagos atrasados a los GADs y de esa forma evitar paralizaciones. Habla que faltan recursos para enfrentar enero 2024. @eluniversocom https://t.co/PDusXYz1Su,https://twitter.com/eluniversocom/status/1736790442262360077,retweet,El Universo,0,0,8,0,6,0,2023-12-18 11:48:04,
1736790428811190484,"Pabel Cantos, presidente de @ConagopareN habla de las dificultades que enfrentan 821 juntas parroquiales por la falta de desembolso de alrededor de $40 millones que adeuda el Estado por concepto de asignación por el
rubro equidad territorial. @eluniversocom https://t.co/JFeH2V5tnU",https://twitter.com/eluniversocom/status/1736790428811190484,retweet,El Universo,0,0,5,0,4,0,2023-12-18 11:48:00,
1736785948191428744,"Hasta el 50 % han caído las ventas por Navidad, según comerciantes de Quito ►https://t.co/iUhRLQuRwp https://t.co/psWAd2oVpV",https://twitter.com/eluniversocom/status/1736785948191428744,tweet,El Universo,0,1,5,11,6868,0,2023-12-18 11:30:12,https://pbs.twimg.com/media/GBpNndBXEAA7LUa.png
1736785861608411651,"La ATM informó que 8.833 #vehículos, entre motos y carros, que reposan más de tres años en los centros de retención vehicular, entrarían al proceso de chatarrización si no son retirados por sus propietarios en los próximos diez días.
https://t.co/hs4SkOfVOM https://t.co/bDlr1mhILz",https://twitter.com/eluniversocom/status/1736785861608411651,tweet,El Universo,47,5,65,330,67853,5,2023-12-18 11:29:51,https://pbs.twimg.com/media/GBpNaxvXEAg7XnN.jpg
1736784498442866963,"‘Si está siendo el señor Jorge Glas buscado por la justicia, ¿cómo es posible que sea atendido como huésped?’, cuestiona un analista político ►https://t.co/oQ4Yzu3oJr https://t.co/g9NyXqRyFq",https://twitter.com/eluniversocom/status/1736784498442866963,tweet,El Universo,13,1,98,195,12665,1,2023-12-18 11:24:26,https://pbs.twimg.com/media/GBpMSNUXkAIEqXt.png
1736778548164132953,Hallan tres cuerpos en medio de sembríos de caña en Marcelino Maridueña ►https://t.co/BhdyNHadby https://t.co/faavlMLXwD,https://twitter.com/eluniversocom/status/1736778548164132953,tweet,El Universo,0,0,3,12,6399,0,2023-12-18 11:00:48,https://pbs.twimg.com/media/GBpG4sNXkAE1Bvc.png
1736778476315639877,Más de 1.000 geranios se ubicaron en dos sitios del centro histórico de Quito ►https://t.co/xPrMVQ5P8s https://t.co/U5mmonxhTk,https://twitter.com/eluniversocom/status/1736778476315639877,tweet,El Universo,1,0,3,13,5315,0,2023-12-18 11:00:31,https://pbs.twimg.com/media/GBpG0g9XUAAgKqy.png
1736777146033488305,"Un hombre fue baleado mientras asistía a un velatorio, en Atacames ►https://t.co/LxYg3KROaS https://t.co/RQgELEnIGI",https://twitter.com/eluniversocom/status/1736777146033488305,tweet,El Universo,0,0,0,9,5321,0,2023-12-18 10:55:14,https://pbs.twimg.com/media/GBpFnEMXAAAh9kl.png
1736774977372696588,Fiscalía apelará presentación periódica definida para procesados en caso Metástasis ►https://t.co/9BYr5Zh4lS https://t.co/ZG2IPYTXzz,https://twitter.com/eluniversocom/status/1736774977372696588,tweet,El Universo,0,0,2,16,9297,1,2023-12-18 10:46:36,https://pbs.twimg.com/media/GBpDo2WWoAA3rcs.png
1736774622434009135,Exportación de banano: hay “escepticismo” en productores para firmar contratos para el 2024 a poco del cierre del registro ►https://t.co/KFLIvdlgTM https://t.co/HvvIrc9Dg5,https://twitter.com/eluniversocom/status/1736774622434009135,tweet,El Universo,0,0,3,9,5873,0,2023-12-18 10:45:12,https://pbs.twimg.com/media/GBpDUMiXoAE2HBf.png
1736770856649408893,Maestros deberán realizar teletrabajo desde la próxima semana durante vacaciones que tendrán alumnos ►https://t.co/AAS9HSC9Ay https://t.co/IaBElAuEnO,https://twitter.com/eluniversocom/status/1736770856649408893,tweet,El Universo,0,1,5,10,7460,0,2023-12-18 10:30:14,https://pbs.twimg.com/media/GBo_4_tXUAAvJP2.png
1736767076390383660,‘Pude renovar mi visa para Estados Unidos en 10 días en #Guayaquil’: usuarios reportan que tiempos para renovar visado han mejorado ►https://t.co/Jez1xg5u8q https://t.co/GbGVneDmm7,https://twitter.com/eluniversocom/status/1736767076390383660,tweet,El Universo,10,5,123,512,124593,28,2023-12-18 10:15:13,https://pbs.twimg.com/media/GBo8c4CWoAAOB8W.jpg
1736764565608681979,Esteban Bernal exministro de Inclusión Económica y Social pide a la Asamblea Nacional archivar el juicio político en su contra ►https://t.co/rmOTAZ91wk https://t.co/GWK5RBH9BM,https://twitter.com/eluniversocom/status/1736764565608681979,tweet,El Universo,3,0,5,9,6061,0,2023-12-18 10:05:14,https://pbs.twimg.com/media/GBo6K0GWQAAoSL4.png
1736763344323793043,"El presidente de la Judicatura está detenido y procesado por supuesta delincuencia organizada, ¿qué pasará con el concurso de jueces que impulsaba? ►https://t.co/CGV0pmv48z https://t.co/IdF4abGYg5",https://twitter.com/eluniversocom/status/1736763344323793043,tweet,El Universo,3,0,7,26,7546,0,2023-12-18 10:00:23,https://pbs.twimg.com/media/GBo5DuKWkAAgY-w.png
1736761881526784352,"Jorge Glas se suma a la lista de correístas, prófugos o no, que han pedido protección al gobierno mexicano
https://t.co/X8Y5nooDpB https://t.co/p67t8vmktl",https://twitter.com/eluniversocom/status/1736761881526784352,tweet,El Universo,17,3,44,115,12674,1,2023-12-18 09:54:34,https://pbs.twimg.com/media/GBo3ucPWwAAYsyA.jpg
1736759850699215104,"Conductor de camión se fugó después de chocar a vehículo en la Ruta Viva, en el nororiente de Quito ►https://t.co/RF7TRvEfLq https://t.co/6EY0bxr05U",https://twitter.com/eluniversocom/status/1736759850699215104,tweet,El Universo,0,0,3,10,7242,0,2023-12-18 09:46:30,https://pbs.twimg.com/media/GBo14ZlXoAA-lbw.png
1736759525842022465,#Entrevista | Ministro Roberto Luque: Nuestro objetivo es dejar adjudicado el proyecto del quinto puente dentro de la administración. El titular del Ministerio de Transporte y Obras Públicas detalla los planes a ejecutarse.  ► https://t.co/R08NewTvgU https://t.co/bSOmRAPg8Z,https://twitter.com/eluniversocom/status/1736759525842022465,tweet,El Universo,3,1,5,14,14560,0,2023-12-18 09:45:13,https://pbs.twimg.com/media/GBo1lZ3WwAE5b64.jpg
1736755753778590189,¿Cómo queda distribuido el presupuesto municipal de Guayaquil de $ 685 millones para el 2024? ►https://t.co/1Wy3hkPphi https://t.co/C7FPskmXZO,https://twitter.com/eluniversocom/status/1736755753778590189,tweet,El Universo,0,0,2,5,5962,0,2023-12-18 09:30:13,https://pbs.twimg.com/media/GBoyJ3iXAAAc_QO.png
1736754485697896622,"Los Noboa, Guillermo Lasso, Aquiles Alvarez y personajes de Mario Bros, entre los monigotes que marcan tendencia de años viejos en la 6 de Marzo ►https://t.co/T1Cg5GZAan https://t.co/VrwyRZRedG",https://twitter.com/eluniversocom/status/1736754485697896622,tweet,El Universo,1,0,6,37,10608,0,2023-12-18 09:25:11,https://pbs.twimg.com/media/GBoxAC0W8AA_RL9.jpg
1736753229625479330,"En tiroteo, la vida de Lionel se desvaneció cuando tenía 9 años. Este pequeño fue víctima colateral en una balacera registrada el 13 de agosto, en el suburbio de Guayaquil. Más de 455 menores han sido asesinados en el país. ►https://t.co/r79NLBYrsY https://t.co/5vnTBzbarw",https://twitter.com/eluniversocom/status/1736753229625479330,tweet,El Universo,1,1,8,21,8983,1,2023-12-18 09:20:11,https://pbs.twimg.com/media/GBov28MWQAAJvoM.jpg
1736751969237139902,"‘Todos podíamos ofertar, pero nadie lo hizo porque vimos que el contrato está direccionado’, dicen proveedores sobre compra en hospital del #IESS en #Guayaquil ►https://t.co/UqWTrjs1ZN https://t.co/I0cmCA90Pj",https://twitter.com/eluniversocom/status/1736751969237139902,tweet,El Universo,0,0,9,15,7272,1,2023-12-18 09:15:11,https://pbs.twimg.com/media/GBoutl_XYAAn8iQ.png
1736749472611205536,"‘Ya la delincuencia le ha perdido el respeto a todo el mundo’: estos son los distritos con más asesinatos en Guayaquil, Durán y Samborondón en este 2023 ►https://t.co/mgIZlLHLby https://t.co/y9BowTtUuR",https://twitter.com/eluniversocom/status/1736749472611205536,tweet,El Universo,0,0,3,10,8671,1,2023-12-18 09:05:16,https://pbs.twimg.com/media/GBoscI8WkAA8faX.jpg
1736748276441878629,Pacientes y familias reclaman al IESS: “Para cuándo las prótesis para amputados” ►https://t.co/yNpIhfkjuw https://t.co/toBKEwF2Jn,https://twitter.com/eluniversocom/status/1736748276441878629,tweet,El Universo,1,0,3,13,6957,0,2023-12-18 09:00:30,https://pbs.twimg.com/media/GBorWpLXYAAK-E3.png
1736747434301079982,Diana Salazar hará público el expediente del caso Metástasis en página web de la Fiscalía General ►https://t.co/5Fk6MoLEsB https://t.co/vxdkYjUU7h,https://twitter.com/eluniversocom/status/1736747434301079982,tweet,El Universo,20,4,340,1175,40984,7,2023-12-18 08:57:10,https://pbs.twimg.com/media/GBoqloVWUAA6zzf.png
1736744840765878422,Balacera en Tenguel durante encuentro de fútbol ►https://t.co/ojfP1pYVj7 https://t.co/GQCXBZrp1e,https://twitter.com/eluniversocom/status/1736744840765878422,tweet,El Universo,1,0,5,9,6675,0,2023-12-18 08:46:51,https://pbs.twimg.com/media/GBooOuLWIAARcoK.png
1736744446601949530,Tribunal Anticorrupción revisará apelación a arresto domiciliario de Danilo Carrera en #CasoEncuentro ►https://t.co/83TZptOKlI https://t.co/uninOnEDfc,https://twitter.com/eluniversocom/status/1736744446601949530,tweet,El Universo,0,1,3,10,6473,0,2023-12-18 08:45:17,https://pbs.twimg.com/media/GBon3vHWgAAC62x.png
1736744433951912168,"Este es el texto en español del acuerdo comercial firmado entre Ecuador y Corea del Sur
https://t.co/ch9URqRkP4 https://t.co/BWnqt6x4IV",https://twitter.com/eluniversocom/status/1736744433951912168,tweet,El Universo,0,0,3,9,5604,1,2023-12-18 08:45:14,https://pbs.twimg.com/media/GBon3BDXwAA4Mif.jpg
1736742848958009833,"Pronóstico del clima en #Ecuador, #Guayaquil y #Quito para la mañana, tarde y noche de este lunes, 18 de diciembre, según el Inamhi ►https://t.co/kVEUoIOmmt https://t.co/aKp0zXI4tB",https://twitter.com/eluniversocom/status/1736742848958009833,tweet,El Universo,1,0,0,14,5678,0,2023-12-18 08:38:56,https://pbs.twimg.com/media/GBomaw4WsAAoKpb.png
1736741756278817146,"#Entrevista | Esteban Torres: Aportaré en la gobernabilidad, en dar un sentido a la lógica del presidente de una gestión de consenso, sin extremos y sin antis ►https://t.co/5d6F8ZtgiT https://t.co/8CLKZZRLqV",https://twitter.com/eluniversocom/status/1736741756278817146,tweet,El Universo,38,7,13,40,23315,0,2023-12-18 08:34:36,https://pbs.twimg.com/media/GBolbEsW8AA1GAe.jpg
1736740656184164401,"Ministerio de Salud identifica el primer caso de variante BA.2.86 o Pirola de COVID-19
https://t.co/YBeRYHgwst https://t.co/AMmwWYYQeY",https://twitter.com/eluniversocom/status/1736740656184164401,tweet,El Universo,2,3,8,16,13805,0,2023-12-18 08:30:14,https://pbs.twimg.com/media/GBokbGgXwAAcvzH.jpg
1736739302904631465,Panadero fue asesinado con ocho tiros cuando iba a una tienda en Puerto Bolívar ►https://t.co/F0KZBS3ghN https://t.co/w0zdTUnTVC,https://twitter.com/eluniversocom/status/1736739302904631465,tweet,El Universo,0,0,6,11,6039,0,2023-12-18 08:24:51,https://pbs.twimg.com/media/GBojMVlWYAAaBCT.png
1736736873203065255,"Asamblea Nacional debatirá el martes proyecto de ley urgente de eficiencia económica y generación de empleo
https://t.co/n9CFIE0V3f https://t.co/y5yumKGDzx",https://twitter.com/eluniversocom/status/1736736873203065255,tweet,El Universo,0,0,5,12,6812,0,2023-12-18 08:15:12,https://pbs.twimg.com/media/GBog-6TW4AARpl1.jpg
1736733132278104570,"Aeropuerto de Quito instaló las primeras puertas biométricas de control migratorio
https://t.co/ou0gvZtjjp https://t.co/1DgtxFX8ZC",https://twitter.com/eluniversocom/status/1736733132278104570,tweet,El Universo,0,0,1,7,6458,0,2023-12-18 08:00:20,https://pbs.twimg.com/media/GBodlKlWQAAaavk.jpg
1736729318766592109,"Lucio Gutiérrez planteará al pleno de la Asamblea Nacional el archivo del juicio político a la fiscal Diana Salazar
https://t.co/ayoUbU6BD8 https://t.co/UACF7vpl10",https://twitter.com/eluniversocom/status/1736729318766592109,tweet,El Universo,23,6,89,529,23539,0,2023-12-18 07:45:11,https://pbs.twimg.com/media/GBoaHMvWoAA7VnB.jpg
1736725558870876441,"¡Pichincha manda en el fútbol! AFNA tiene más campeonatos que Guayas, de pésima temporada 2023
https://t.co/VGhNVsnQ50 https://t.co/bsHUsvzIlb",https://twitter.com/eluniversocom/status/1736725558870876441,tweet,El Universo,3,0,2,10,7247,0,2023-12-18 07:30:14,https://pbs.twimg.com/media/GBoWsWyXMAIY9su.jpg
1736721775726076250,"Familias “aseguran” su monigote en calle 6 de Marzo: hasta de otras provincias acuden a comprar al por mayor
https://t.co/G3qeq4gJy1 https://t.co/aZD8RjyNk1",https://twitter.com/eluniversocom/status/1736721775726076250,tweet,El Universo,3,0,2,17,7504,0,2023-12-18 07:15:12,https://pbs.twimg.com/media/GBoTQJdWAAAXyt1.jpg
1736718042619347190,"Les compartimos la #ColumnaDeBonil de este lunes 18 de diciembre.

#Bonil #caricatura #opinión https://t.co/oK9AYsFy9u",https://twitter.com/eluniversocom/status/1736718042619347190,tweet,El Universo,27,2,69,157,17268,1,2023-12-18 07:00:22,https://pbs.twimg.com/media/GBoP2vLWsAAmms7.jpg
1736710440531436018,"Estos son los horarios de cortes de luz en Ecuador por provincia para este lunes, 18 de diciembre
https://t.co/zPNNhxGD5x",https://twitter.com/eluniversocom/status/1736710440531436018,tweet,El Universo,1,0,3,6,10146,0,2023-12-18 06:30:10,
1736705408981418431,Les compartimos nuestra #FraseDelDía: «Largo es el camino de la enseñanza por medio de teorías; breve y eficaz por medio de ejemplos» Séneca (2 a. C. - 65 d. C.),https://twitter.com/eluniversocom/status/1736705408981418431,tweet,El Universo,11,0,9,26,14542,3,2023-12-18 06:10:10,
1736702920601567245,Les compartimos nuestra portada de este lunes 18 de diciembre. Las #noticias de #Ecuador y el mundo en https://t.co/6TIoigGXFC https://t.co/M4YrhHQGLJ,https://twitter.com/eluniversocom/status/1736702920601567245,tweet,El Universo,10,0,11,38,9597,0,2023-12-18 06:00:17,https://pbs.twimg.com/media/GBoCGfHXkAAOgLm.jpg
1736603885559586968,"¿Quién es Colin Armstrong, cónsul honorario de Reino Unido, secuestrado en Los Ríos?
https://t.co/zZsKtkwJh7 https://t.co/U3BKnp8wtr",https://twitter.com/eluniversocom/status/1736603885559586968,tweet,El Universo,10,1,11,41,47768,2,2023-12-17 23:26:45,https://pbs.twimg.com/media/GBmoCBdXYAEJIDp.jpg
1736597218801422570,"Corea del Norte lanza misil balístico intercontinental en una prueba
https://t.co/dILS9sFGE8 https://t.co/1KbLjzkC9O",https://twitter.com/eluniversocom/status/1736597218801422570,tweet,El Universo,0,0,2,11,9372,0,2023-12-17 23:00:16,https://pbs.twimg.com/media/GBmh993WkAAWG5f.jpg
1736592164560195741,"Jorge Glas se suma a la lista de correístas, prófugos o no, que han perdido protección al gobierno mexicano
https://t.co/FqxeiU4MRG https://t.co/7sXy0piW2v",https://twitter.com/eluniversocom/status/1736592164560195741,tweet,El Universo,105,5,144,406,40740,1,2023-12-17 22:40:11,https://pbs.twimg.com/media/GBmdXwRWMAA1tu2.jpg
1736587132972519593,"Este es el texto en español del acuerdo comercial firmado entre Ecuador y Corea del Sur
https://t.co/KkPjgzFCYw https://t.co/5n4FjUHsqk",https://twitter.com/eluniversocom/status/1736587132972519593,tweet,El Universo,0,0,20,38,14588,1,2023-12-17 22:20:11,https://pbs.twimg.com/media/GBmYy6TW8AAhJNb.jpg
1736582108062056565,"Estos son los horarios de cortes de luz en Ecuador por provincia para este lunes, 18 de diciembre
https://t.co/mcpSMlkLSg https://t.co/q78bj6U1Xl",https://twitter.com/eluniversocom/status/1736582108062056565,tweet,El Universo,0,0,4,9,14072,0,2023-12-17 22:00:13,https://pbs.twimg.com/media/GBmUOY7X0AAO-a6.jpg
1736579113480044890,"Ministerio de Salud identifica el primer caso de variante BA.2.86 o Pirola de COVID-19
https://t.co/zDnK3Pz5Sl https://t.co/gcyt904oXU",https://twitter.com/eluniversocom/status/1736579113480044890,tweet,El Universo,35,10,67,147,68011,7,2023-12-17 21:48:19,https://pbs.twimg.com/media/GBmRgHfWEAA5YYM.jpg
1736559453132996824,Cancillería ecuatoriana confirma que Jorge Glas permanece en la embajada de México y pide colaboración https://t.co/1hBxwvgv73 https://t.co/RaVdc0V182,https://twitter.com/eluniversocom/status/1736559453132996824,tweet,El Universo,24,1,61,229,24830,2,2023-12-17 20:30:11,https://pbs.twimg.com/media/GBl_nq6WEAADL6z.jpg
1736556936353534207,"Horarios de cortes de luz en Daule este lunes, 18 de diciembre
https://t.co/PQZ0HWXj1o https://t.co/BBRqRleY9x",https://twitter.com/eluniversocom/status/1736556936353534207,tweet,El Universo,0,1,5,13,12165,0,2023-12-17 20:20:11,https://pbs.twimg.com/media/GBl9VPQWQAA64Rt.jpg
1736555826897162481,Cancillería de Ecuador espera que ese país invite al exvicepresidente a cooperar con las autoridades policiales. https://t.co/XPbCPzDUvo https://t.co/I047EP1EPt,https://twitter.com/eluniversocom/status/1736555826897162481,tweet,El Universo,66,6,44,140,42593,0,2023-12-17 20:15:47,https://pbs.twimg.com/media/GBl8UlWXMAAMUha.jpg
1736551903595544726,"Jack Black quiere una secuela para The Super Mario Bros. Movie, y la llamaría ‘La venganza de Bowser’
https://t.co/1RuDjzUDmx https://t.co/Jj8EBb4Fly",https://twitter.com/eluniversocom/status/1736551903595544726,tweet,El Universo,1,1,2,22,12781,1,2023-12-17 20:00:12,https://pbs.twimg.com/media/GBl4wS2XUAAidIf.jpg
1736546869172425161,"Horarios de cortes de luz en Samborondón este lunes, 18 de diciembre
https://t.co/dEIMMnK7LE https://t.co/XD6i6mMd25",https://twitter.com/eluniversocom/status/1736546869172425161,tweet,El Universo,7,0,1,7,14121,1,2023-12-17 19:40:11,https://pbs.twimg.com/media/GBl0LP0W8AAatlQ.jpg
1736545742720778605,"¡Una estrella más! Liga de Quito, campeón 2023 de la Liga Pro. El cuadro albo consiguió su decimosegunda corona en el fútbol ecuatoriano al imponerse a Independiente del Valle 3-0 (global 1-1) en la tanda de penales. https://t.co/XOTFGfOXsL https://t.co/NVdZ9lqJHu",https://twitter.com/eluniversocom/status/1736545742720778605,tweet,El Universo,7,4,16,108,19923,1,2023-12-17 19:35:43,"https://pbs.twimg.com/media/GBlzJl5WUAA6ING.jpg,https://pbs.twimg.com/media/GBlzJkZWAAA8BhG.jpg,https://pbs.twimg.com/media/GBlzJkJXgAA1_dM.jpg,https://pbs.twimg.com/media/GBlzJjtWQAAccp1.jpg"
1736544351214309530,"Horarios de cortes de luz en Santa Elena para este lunes, 18 de diciembre https://t.co/QWXAVVt7Ds https://t.co/qNvArU7XDh",https://twitter.com/eluniversocom/status/1736544351214309530,tweet,El Universo,6,0,2,8,11340,0,2023-12-17 19:30:11,https://pbs.twimg.com/media/GBlx4pWWIAA_iQC.jpg
1736541838561902606,"Horarios de cortes de luz en Guayaquil para este lunes, 18 de diciembre
https://t.co/ybnisENmLy https://t.co/mxUGkjn12S",https://twitter.com/eluniversocom/status/1736541838561902606,tweet,El Universo,9,1,4,13,21744,0,2023-12-17 19:20:12,https://pbs.twimg.com/media/GBlvmZhWkAAW48q.jpg
1736539411280441579,"#Entretenimiento | Todo lo que debes saber de “Wonka”, la tercera versión de la famosa historia del misterioso chocolatero tiene “una dosis exacta de dulce”, según Rolling Stone https://t.co/phk9nds094 https://t.co/EW9iFDca7F",https://twitter.com/eluniversocom/status/1736539411280441579,tweet,El Universo,0,0,3,11,11507,0,2023-12-17 19:10:33,https://pbs.twimg.com/media/GBltZHIX0AAEQYd.jpg
1736536811923447958,"Aeropuerto de Quito instaló las primeras puertas biométricas de control migratorio
https://t.co/Y7HlNV66bu https://t.co/TF5fGvWzKp",https://twitter.com/eluniversocom/status/1736536811923447958,tweet,El Universo,7,2,3,21,17187,0,2023-12-17 19:00:13,https://pbs.twimg.com/media/GBlrB15WwAAkV_8.jpg
1736532825799565603,"#Final  #LigaPro

Leonel Quiñónez anota (3-0).

Ligade Quito CAMPEÓN de la #LigaPro.

Penales:
#LDUQ ✅✅✅
#IDV❌❌❌ https://t.co/2cAJos1RT9",https://twitter.com/eluniversocom/status/1736532825799565603,retweet,El Universo,0,0,16,0,1,0,2023-12-17 18:44:23,
1736532648338579711,"¡Liga campeón de LigaPro 2023! Venció en penales a Independiente del Valle. https://t.co/26QmqQNLSX

#LDUvsIDV https://t.co/mJJNG8go9y",https://twitter.com/eluniversocom/status/1736532648338579711,tweet,El Universo,8,2,24,122,13854,0,2023-12-17 18:43:41,https://pbs.twimg.com/ext_tw_video_thumb/1736532585394659328/pu/img/_3RDu0UkjM5hysdc.jpg
1736531919993536720,"#Final  #LigaPro

Marcelo Martins Moreno falla para Independiente  (2-0)

Penales:
#LDUQ ✅✅
#IDV❌❌❌",https://twitter.com/eluniversocom/status/1736531919993536720,retweet,El Universo,0,0,2,0,-,0,2023-12-17 18:40:47,
1736531849600544961,"#Final  #LigaPro

Jan Hurtado anota para Liga  (2-0)

Penales:
#LDUQ ✅✅
#IDV❌❌",https://twitter.com/eluniversocom/status/1736531849600544961,retweet,El Universo,0,0,2,0,-,0,2023-12-17 18:40:30,
1736531765211132322,"Horarios de cortes de luz en Quito para este lunes 18 de diciembre
https://t.co/Ul7PkLx7Ud https://t.co/E9AY9WPafI",https://twitter.com/eluniversocom/status/1736531765211132322,tweet,El Universo,6,0,0,6,10072,0,2023-12-17 18:40:10,https://pbs.twimg.com/media/GBlmcGBW0AAW4TH.jpg
1736531432137253162,"Final en Casa Blanca, en Quito.

Con el empate, la definición del título va a los tiros penales.
#LDUQ 1-1 #IDV (global 1-1)
#LigaPro https://t.co/fPJXcX8vWS",https://twitter.com/eluniversocom/status/1736531432137253162,retweet,El Universo,0,0,4,0,-,0,2023-12-17 18:38:51,
1736526736756470127,"Horarios de cortes de luz en Bolívar para este lunes, 18 de diciembre
https://t.co/5ldDuzBD7Y https://t.co/tOfLAahcVq",https://twitter.com/eluniversocom/status/1736526736756470127,tweet,El Universo,9,0,3,11,10679,0,2023-12-17 18:20:11,https://pbs.twimg.com/media/GBlh3XPWEAAi35Z.jpg
1736525510761464066,"⏱ 70 minutos | Se matiene la igualdad.

#LDUQ 1-1 #IDV (global 1-1)
#LigaPro

En vivo ►https://t.co/FoXeRRsBLL https://t.co/URT46FhAaW",https://twitter.com/eluniversocom/status/1736525510761464066,retweet,El Universo,0,0,4,0,-,0,2023-12-17 18:15:19,
1736525451588227359,"En reserva continúan investigaciones para ubicar a Colin Armstrong, cónsul honorario de Reino Unido, secuestrado en Los Ríos
https://t.co/Hc68fp9NG9 https://t.co/u0YXIoX3yS",https://twitter.com/eluniversocom/status/1736525451588227359,tweet,El Universo,20,2,57,140,74193,2,2023-12-17 18:15:05,https://pbs.twimg.com/media/GBlgslQXIAA1MGw.jpg
1736521717240008970,"¿Dónde cenar el 24 de diciembre en Guayaquil? Estos son los menús de Nochebuena que ofrecen los hoteles de la ciudad
https://t.co/eYk38qAttZ https://t.co/9iwwrMooeq",https://twitter.com/eluniversocom/status/1736521717240008970,tweet,El Universo,0,1,2,7,9406,0,2023-12-17 18:00:15,https://pbs.twimg.com/media/GBldTNUXYAAJ_io.jpg
1736516665070825925,"Severo temporal deja 16 muertos en Argentina y Uruguay
https://t.co/EJ6ED6ITvJ https://t.co/lsNRxq3zoc",https://twitter.com/eluniversocom/status/1736516665070825925,tweet,El Universo,0,0,3,8,10803,0,2023-12-17 17:40:10,https://pbs.twimg.com/media/GBlYtHhXoAEd3Z-.jpg
1736514165576012198,Horarios de cortes de luz en #Quito para este lunes 18 de diciembre https://t.co/moqoHgsMrX https://t.co/pAXLmas4ub,https://twitter.com/eluniversocom/status/1736514165576012198,tweet,El Universo,0,1,1,5,11109,1,2023-12-17 17:30:14,https://pbs.twimg.com/media/GBlWbneXgAAuqNc.jpg
1736511635987087812,"Dirección General del Consejo de la Judicatura suspende logística del concurso para selección de jueces de la Corte
https://t.co/MuUU0pKf4a https://t.co/ueXHUJJ6dG",https://twitter.com/eluniversocom/status/1736511635987087812,tweet,El Universo,3,1,35,144,18995,1,2023-12-17 17:20:11,https://pbs.twimg.com/media/GBlUIYPWsAAaifn.jpg
1736510382431228096,Aeropuerto de #Quito instaló las primeras puertas biométricas de control migratorio https://t.co/Q2Y7QpEsE8 https://t.co/lVQS1sYo8O,https://twitter.com/eluniversocom/status/1736510382431228096,tweet,El Universo,5,1,8,52,18484,1,2023-12-17 17:15:12,https://pbs.twimg.com/media/GBlS_bAWcAAf8zn.jpg
1736506615442948327,"Severo temporal deja 16 muertos en Argentina y Uruguay
https://t.co/eeRzZw8UpS https://t.co/lvl9s4jDf7",https://twitter.com/eluniversocom/status/1736506615442948327,tweet,El Universo,0,0,1,6,8398,0,2023-12-17 17:00:14,https://pbs.twimg.com/media/GBlPkILXEAAD7ME.jpg
1736505672152367558,"‘Dios quiso a Renato para él, pero no era la manera’, le arrebataron su vida a los 5 años https://t.co/ABi1Ocse6j https://t.co/bx6TPoTTKI",https://twitter.com/eluniversocom/status/1736505672152367558,tweet,El Universo,1,0,3,15,17220,0,2023-12-17 16:56:29,https://pbs.twimg.com/media/GBlOtPjWEAAk52s.jpg
1736501566981480772,"Vecinos de Los Ceibos reportan incidentes por retiro de rejas
https://t.co/hEpgFBYuj5 https://t.co/OmWoAiw6sp",https://twitter.com/eluniversocom/status/1736501566981480772,tweet,El Universo,6,0,2,29,21597,1,2023-12-17 16:40:10,https://pbs.twimg.com/media/GBlK-TmXAAAJJh8.jpg
1736496536920441236,"[En vivo] Liga de Quito vs. Independiente del Valle en la gran final de la Liga Pro
https://t.co/iP0yIpxMDb https://t.co/EOB6XPotP3",https://twitter.com/eluniversocom/status/1736496536920441236,tweet,El Universo,0,0,1,14,8655,0,2023-12-17 16:20:11,https://pbs.twimg.com/media/GBlGZgCXUAA2O7J.jpg
1736491510407774537,"Lucio Gutiérrez planteará al pleno de la Asamblea Nacional el archivo del juicio político a la fiscal Diana Salazar
https://t.co/UAiU9xE0bY https://t.co/jD6WmAEiiJ",https://twitter.com/eluniversocom/status/1736491510407774537,tweet,El Universo,209,20,402,2200,137088,5,2023-12-17 16:00:13,https://pbs.twimg.com/media/GBlB06EXsAARb_o.jpg
1736491406783353342,"Liga de Quito vs. Independiente del Valle en la gran final de la Liga Pro

🏆 #LigaPro
📋 Final de vuelta
🗓 #LDUQ vs. #IDV (0-0)
🏟  Rodrigo Paz Delgado, Quito.
⏲ 16:30

En vivo ►https://t.co/FoXeRRsBLL https://t.co/buxAMQqlVX",https://twitter.com/eluniversocom/status/1736491406783353342,retweet,El Universo,0,0,2,0,-,0,2023-12-17 15:59:48,
1736486470368534837,"Ecuador pidió a Estados Unidos incluir a sector pesquero artesanal en los esquemas de cooperación
https://t.co/dZRSXirl1O https://t.co/2AVHsYnwcP",https://twitter.com/eluniversocom/status/1736486470368534837,tweet,El Universo,0,0,7,40,12127,1,2023-12-17 15:40:11,https://pbs.twimg.com/media/GBk9PlMXIAE0MfQ.jpg
1736481440487887135,"Asamblea Nacional debatirá el martes proyecto de ley urgente de eficiencia económica y generación de empleo
https://t.co/yu1rIWNdeM https://t.co/K1tvbfb8hL",https://twitter.com/eluniversocom/status/1736481440487887135,tweet,El Universo,1,0,1,15,8799,1,2023-12-17 15:20:12,https://pbs.twimg.com/media/GBk4qy4XQAAZlgo.jpg
1736476424721059958,"‘Ya está virándose… ya se va, se fue la casita de Jacinto’: lluvias provocan inundaciones en Pastaza
https://t.co/mnfh8IQXlR https://t.co/McXN6Y6Ejo",https://twitter.com/eluniversocom/status/1736476424721059958,tweet,El Universo,3,2,21,74,19630,0,2023-12-17 15:00:16,https://pbs.twimg.com/media/GBk0G0pWEAANJQa.jpg
1736473459083866610,"Ecuador invitó a empresas ‘offshores’ a concurso para suministrar electricidad
https://t.co/HhkPU0Vix5 https://t.co/uFYukOSazu",https://twitter.com/eluniversocom/status/1736473459083866610,tweet,El Universo,1,0,7,22,12476,1,2023-12-17 14:48:29,https://pbs.twimg.com/media/GBkxaNvWcAAsPxZ.jpg
1736461324463267958,Tres extranjeros detenidos en la frontera norte cuando transportaban en una lancha químicos para fabricación naval https://t.co/fteTruZzke https://t.co/nNq19N7zXT,https://twitter.com/eluniversocom/status/1736461324463267958,tweet,El Universo,0,0,6,26,9399,0,2023-12-17 14:00:16,https://pbs.twimg.com/media/GBkmX4CXMAMKW6h.jpg
1736455012157358187,"Ecuador pidió a Estados Unidos incluir a sector pesquero artesanal en los esquemas de cooperación 
https://t.co/gM2dVCJ3ez https://t.co/D4cFtfCQQl",https://twitter.com/eluniversocom/status/1736455012157358187,tweet,El Universo,2,1,10,72,11054,1,2023-12-17 13:35:11,https://pbs.twimg.com/media/GBkgocfWkAAYmmp.jpg
1736453753153237182,Presunto ladrón murió al ser golpeado y acuchillado en #Quevedo  https://t.co/0G2oxT36u1 https://t.co/poTXR59lEm,https://twitter.com/eluniversocom/status/1736453753153237182,tweet,El Universo,35,8,69,883,69467,4,2023-12-17 13:30:11,https://pbs.twimg.com/media/GBkffHSWMAAhT8S.jpg
1736451242027589864,#Entretenimiento | Gigi Mieles: “Yo no hago nada por marketing; yo abrí mi corazón con el público”  https://t.co/Ex8U2MbtLZ https://t.co/bpIOKtFTrf,https://twitter.com/eluniversocom/status/1736451242027589864,tweet,El Universo,6,0,3,21,23721,0,2023-12-17 13:20:12,https://pbs.twimg.com/media/GBkdNBXWMAAwZGL.jpg
1736448612417024017,"Asamblea Nacional debatirá el martes proyecto de ley urgente de eficiencia económica y generación de empleo
https://t.co/6fI83jwPYk https://t.co/GLUUfZZvcB",https://twitter.com/eluniversocom/status/1736448612417024017,tweet,El Universo,1,1,2,25,9373,0,2023-12-17 13:09:45,https://pbs.twimg.com/media/GBkaz7kWAAAlF4q.jpg
1736446223282741381,"#Entretenimiento | ‘Mi pobre angelito’, ‘Duro de matar’ y otras películas infaltables de la temporada navideña, ¿dónde verlas?https://t.co/9S3WurIYto https://t.co/IOhNLuwZRR",https://twitter.com/eluniversocom/status/1736446223282741381,tweet,El Universo,2,0,8,22,14877,1,2023-12-17 13:00:15,https://pbs.twimg.com/media/GBkYo5QXMAEA96D.jpg
1736439914953056696,"Acuerdos comerciales: equipos negociadores de Ecuador y Canadá están ansiosos por seguir adelante, aseguró embajador de Canadá  
https://t.co/TrtJ3dOcYP https://t.co/rg9SfY4m2N",https://twitter.com/eluniversocom/status/1736439914953056696,tweet,El Universo,0,0,3,18,8938,1,2023-12-17 12:35:11,https://pbs.twimg.com/media/GBkS5slX0AAeVQa.jpg
1736438655059743231,"Familias “aseguran” su monigote en calle 6 de Marzo: hasta de otras provincias acuden a comprar al mayor
https://t.co/95cBRW11P3 https://t.co/qr7P8Hxbk1",https://twitter.com/eluniversocom/status/1736438655059743231,tweet,El Universo,1,0,3,26,9148,0,2023-12-17 12:30:11,https://pbs.twimg.com/media/GBkRwVNXAAAN7me.jpg
1736434878466367891,"#Navidad | Descubra si su estilo de decoración navideña es azul, rosa, dorada, blanca o clásica https://t.co/4gYrt3n0sl https://t.co/CYfLI6Rhhc",https://twitter.com/eluniversocom/status/1736434878466367891,tweet,El Universo,0,2,1,11,8302,0,2023-12-17 12:15:11,https://pbs.twimg.com/media/GBkOUguWgAEOCFQ.jpg
1736431119287849252,"#Opinión | Sergio Cedeño Amador: El zapote, árbol típico del campo montuvio ecuatoriano | Columnistas  https://t.co/zCy7w9Kxud https://t.co/Llk2FpJNaC",https://twitter.com/eluniversocom/status/1736431119287849252,tweet,El Universo,9,5,71,490,29702,6,2023-12-17 12:00:14,https://pbs.twimg.com/media/GBkK5rhWMAAAnXa.jpg
1736428586494534090,"#Seguridad | Más del 70 % de los crímenes de 2023 se concentran en estos 30 cantones
https://t.co/mMXtBrRQYW https://t.co/OidnBZC0MG",https://twitter.com/eluniversocom/status/1736428586494534090,tweet,El Universo,3,0,9,26,12265,0,2023-12-17 11:50:10,https://pbs.twimg.com/media/GBkImSgWcAA6SLK.jpg
1736423236802388258,"Un conductor en aparente estado de embriaguez se estrelló contra un poste de la av. Samborondón
https://t.co/iBBj7A1UxA https://t.co/neoda3H0xj",https://twitter.com/eluniversocom/status/1736423236802388258,tweet,El Universo,1,1,4,16,27201,0,2023-12-17 11:28:55,https://pbs.twimg.com/media/GBkDu3GWMAAiHi1.jpg
1736416026768572883,"Sicarios matan a tres hombres en el portal de una casa: Manta registra cinco asesinatos este fin de semana 
https://t.co/qws3p2yrHM https://t.co/hWwB8oKOZ5",https://twitter.com/eluniversocom/status/1736416026768572883,tweet,El Universo,7,2,19,54,22044,0,2023-12-17 11:00:16,https://pbs.twimg.com/media/GBj9LMUXAAA0bjP.jpg
1736408451796857233,"‘Vine lo más pronto a hacer el cambio de mi cédula’: personas con discapacidad renuevan documento ya que carné perderá vigencia  
https://t.co/V6h1g5qY3C",https://twitter.com/eluniversocom/status/1736408451796857233,tweet,El Universo,0,0,3,8,9081,0,2023-12-17 10:30:10,
1736407198895411415,"El más alto riesgo país en tres años, aupado por la asfixiante falta de liquidez
https://t.co/2xFxLzdccy https://t.co/jNlxbHUGcL",https://twitter.com/eluniversocom/status/1736407198895411415,tweet,El Universo,34,11,44,191,47065,3,2023-12-17 10:25:11,https://pbs.twimg.com/media/GBj1JUmXQAA65Kr.jpg